run;pdb;geom;detector distance;mode
56;/asap3/petra3/gpfs/p11/2020/data/11009046/processed/indexing/lysozyme.cell;;300;16M
57;/asap3/petra3/gpfs/p11/2020/data/11009046/processed/indexing/lysozyme.cell;;300;16M
58;/asap3/petra3/gpfs/p11/2020/data/11009046/processed/indexing/lysozyme.cell;;300;16M
59;/asap3/petra3/gpfs/p11/2020/data/11009046/processed/indexing/lysozyme.cell;;300;16M
60;/asap3/petra3/gpfs/p11/2020/data/11009046/processed/indexing/lysozyme.cell;;300;16M
61;/asap3/petra3/gpfs/p11/2020/data/11009046/processed/indexing/lysozyme.cell;;300;16M
62;/asap3/petra3/gpfs/p11/2020/data/11009046/processed/indexing/lysozyme.cell;;300;16M
63;/asap3/petra3/gpfs/p11/2020/data/11009046/processed/indexing/lysozyme.cell;;300;16M
64;/asap3/petra3/gpfs/p11/2020/data/11009046/processed/indexing/lysozyme.cell;;300;16M
65;/asap3/petra3/gpfs/p11/2020/data/11009046/processed/indexing/lysozyme.cell;;300;16M
66;/asap3/petra3/gpfs/p11/2020/data/11009046/processed/indexing/lysozyme.cell;;300;16M
67;/asap3/petra3/gpfs/p11/2020/data/11009046/processed/indexing/lysozyme.cell;;300;16M
68;/asap3/petra3/gpfs/p11/2020/data/11009046/processed/indexing/lysozyme.cell;;300;16M
69;/asap3/petra3/gpfs/p11/2020/data/11009046/processed/indexing/lysozyme.cell;;300;16M
70;/asap3/petra3/gpfs/p11/2020/data/11009046/processed/indexing/lysozyme.cell;;300;16M
71;/asap3/petra3/gpfs/p11/2020/data/11009046/processed/indexing/lysozyme.cell;;300;16M
72;/asap3/petra3/gpfs/p11/2020/data/11009046/processed/indexing/lysozyme.cell;;300;16M
73;/asap3/petra3/gpfs/p11/2020/data/11009046/processed/indexing/lysozyme.cell;;300;16M
74;/asap3/petra3/gpfs/p11/2020/data/11009046/processed/indexing/lysozyme.cell;;300;16M
75;/asap3/petra3/gpfs/p11/2020/data/11009046/processed/indexing/lysozyme.cell;;300;16M
76;/asap3/petra3/gpfs/p11/2020/data/11009046/processed/indexing/lysozyme.cell;;300;16M
77;/asap3/petra3/gpfs/p11/2020/data/11009046/processed/indexing/lysozyme.cell;;300;16M
78;/asap3/petra3/gpfs/p11/2020/data/11009046/processed/indexing/lysozyme.cell;;300;16M
79;/asap3/petra3/gpfs/p11/2020/data/11009046/processed/indexing/lysozyme.cell;;300;16M
80;/asap3/petra3/gpfs/p11/2020/data/11009046/processed/indexing/lysozyme.cell;;300;16M
81;/asap3/petra3/gpfs/p11/2020/data/11009046/processed/indexing/lysozyme.cell;;300;16M
82;/asap3/petra3/gpfs/p11/2020/data/11009046/processed/indexing/lysozyme.cell;;300;16M
83;/asap3/petra3/gpfs/p11/2020/data/11009046/processed/indexing/lysozyme.cell;;300;16M
84;/asap3/petra3/gpfs/p11/2020/data/11009046/processed/indexing/lysozyme.cell;;300;16M
85;/asap3/petra3/gpfs/p11/2020/data/11009046/processed/indexing/lysozyme.cell;;300;16M
86;/asap3/petra3/gpfs/p11/2020/data/11009046/processed/indexing/lysozyme.cell;;300;16M
87;/asap3/petra3/gpfs/p11/2020/data/11009046/processed/indexing/lysozyme.cell;;300;16M
88;/asap3/petra3/gpfs/p11/2020/data/11009046/processed/indexing/lysozyme.cell;;300;16M
89;/asap3/petra3/gpfs/p11/2020/data/11009046/processed/indexing/lysozyme.cell;;300;16M
90;/asap3/petra3/gpfs/p11/2020/data/11009046/processed/indexing/lysozyme.cell;;300;16M
91;/asap3/petra3/gpfs/p11/2020/data/11009046/processed/indexing/lysozyme.cell;;300;16M
92;/asap3/petra3/gpfs/p11/2020/data/11009046/processed/indexing/lysozyme.cell;;300;16M
93;/asap3/petra3/gpfs/p11/2020/data/11009046/processed/indexing/lysozyme.cell;;300;16M
94;/asap3/petra3/gpfs/p11/2020/data/11009046/processed/indexing/lysozyme.cell;;300;16M
95;/asap3/petra3/gpfs/p11/2020/data/11009046/processed/indexing/lysozyme.cell;;300;16M
96;/asap3/petra3/gpfs/p11/2020/data/11009046/processed/indexing/lysozyme.cell;;300;16M
97;/asap3/petra3/gpfs/p11/2020/data/11009046/processed/indexing/lysozyme.cell;;300;16M
98;/asap3/petra3/gpfs/p11/2020/data/11009046/processed/indexing/lysozyme.cell;;300;16M
99;/asap3/petra3/gpfs/p11/2020/data/11009046/processed/indexing/lysozyme.cell;;300;16M
100;/asap3/petra3/gpfs/p11/2020/data/11009046/processed/indexing/lysozyme.cell;;300;16M
101;/asap3/petra3/gpfs/p11/2020/data/11009046/processed/indexing/lysozyme.cell;;300;16M
102;/asap3/petra3/gpfs/p11/2020/data/11009046/processed/indexing/lysozyme.cell;;300;16M
103;/asap3/petra3/gpfs/p11/2020/data/11009046/processed/indexing/lysozyme.cell;;300;16M
104;/asap3/petra3/gpfs/p11/2020/data/11009046/processed/indexing/6gth.pdb;;300;16M
105;/asap3/petra3/gpfs/p11/2020/data/11009046/processed/indexing/6gth.pdb;;300;16M
106;/asap3/petra3/gpfs/p11/2020/data/11009046/processed/indexing/6gth.pdb;;300;16M
107;/asap3/petra3/gpfs/p11/2020/data/11009046/processed/indexing/6gth.pdb;;300;16M
108;/asap3/petra3/gpfs/p11/2020/data/11009046/processed/indexing/6gth.pdb;;300;16M
109;/asap3/petra3/gpfs/p11/2020/data/11009046/processed/indexing/6gth.pdb;;300;16M
110;/asap3/petra3/gpfs/p11/2020/data/11009046/processed/indexing/6gth.pdb;;300;16M
111;/asap3/petra3/gpfs/p11/2020/data/11009046/processed/indexing/6gth.pdb;;300;16M
112;/asap3/petra3/gpfs/p11/2020/data/11009046/processed/indexing/6gth.pdb;;300;16M
113;/asap3/petra3/gpfs/p11/2020/data/11009046/processed/indexing/6gth.pdb;/asap3/petra3/gpfs/p11/2020/data/11009046/processed/indexing/eiger16M-P11_200mm_sh1.geom;200;16M
114;/asap3/petra3/gpfs/p11/2020/data/11009046/processed/indexing/6gth.pdb;/asap3/petra3/gpfs/p11/2020/data/11009046/processed/indexing/eiger16M-P11_200mm_sh1.geom;200;16M
115;/asap3/petra3/gpfs/p11/2020/data/11009046/processed/indexing/6gth.pdb;/asap3/petra3/gpfs/p11/2020/data/11009046/processed/indexing/eiger16M-P11_200mm_sh1.geom;200;16M
116;/asap3/petra3/gpfs/p11/2020/data/11009046/processed/indexing/6gth.pdb;/asap3/petra3/gpfs/p11/2020/data/11009046/processed/indexing/eiger16M-P11_200mm_sh1.geom;200;16M
117;/asap3/petra3/gpfs/p11/2020/data/11009046/processed/indexing/6gth.pdb;/asap3/petra3/gpfs/p11/2020/data/11009046/processed/indexing/eiger16M-P11_200mm_sh1.geom;200;16M
118;/asap3/petra3/gpfs/p11/2020/data/11009046/processed/indexing/6gth.pdb;/asap3/petra3/gpfs/p11/2020/data/11009046/processed/indexing/eiger16M-P11_200mm_sh1.geom;200;16M
119;/asap3/petra3/gpfs/p11/2020/data/11009046/processed/indexing/6gth.pdb;/asap3/petra3/gpfs/p11/2020/data/11009046/processed/indexing/eiger16M-P11_200mm_sh1.geom;200;16M
120;/asap3/petra3/gpfs/p11/2020/data/11009046/processed/indexing/6gth.pdb;/asap3/petra3/gpfs/p11/2020/data/11009046/processed/indexing/eiger16M-P11_200mm_sh1.geom;200;16M
121;/asap3/petra3/gpfs/p11/2020/data/11009046/processed/indexing/6gth.pdb;/asap3/petra3/gpfs/p11/2020/data/11009046/processed/indexing/eiger16M-P11_200mm_sh1.geom;200;16M
122;/asap3/petra3/gpfs/p11/2020/data/11009046/processed/indexing/6gth.pdb;/asap3/petra3/gpfs/p11/2020/data/11009046/processed/indexing/eiger16M-P11_200mm_sh1.geom;200;16M
123;/asap3/petra3/gpfs/p11/2020/data/11009046/processed/indexing/6gth.pdb;/asap3/petra3/gpfs/p11/2020/data/11009046/processed/indexing/eiger16M-P11_200mm_sh1.geom;200;16M
124;/asap3/petra3/gpfs/p11/2020/data/11009046/processed/indexing/6gth.pdb;/asap3/petra3/gpfs/p11/2020/data/11009046/processed/indexing/eiger16M-P11_200mm_sh1.geom;200;16M
125;/asap3/petra3/gpfs/p11/2020/data/11009046/processed/indexing/6gth.pdb;/asap3/petra3/gpfs/p11/2020/data/11009046/processed/indexing/eiger16M-P11_200mm_sh1.geom;200;16M
126;/asap3/petra3/gpfs/p11/2020/data/11009046/processed/indexing/6gth.pdb;/asap3/petra3/gpfs/p11/2020/data/11009046/processed/indexing/eiger16M-P11_200mm_sh1.geom;200;16M
127;/asap3/petra3/gpfs/p11/2020/data/11009046/processed/indexing/6gth.pdb;/asap3/petra3/gpfs/p11/2020/data/11009046/processed/indexing/eiger16M-P11_200mm_sh1.geom;200;16M
128;/asap3/petra3/gpfs/p11/2020/data/11009046/processed/indexing/6gth.pdb;/asap3/petra3/gpfs/p11/2020/data/11009046/processed/indexing/eiger16M-P11_200mm_sh1.geom;200;16M
129;/asap3/petra3/gpfs/p11/2020/data/11009046/processed/indexing/6gth.pdb;/asap3/petra3/gpfs/p11/2020/data/11009046/processed/indexing/eiger16M-P11_200mm_sh1.geom;200;16M
136;/asap3/petra3/gpfs/p11/2020/data/11009046/processed/indexing/6gth.pdb;/asap3/petra3/gpfs/p11/2020/data/11009046/processed/indexing/eiger16M-P11_200mm_sh1.geom;200;16M
137;/asap3/petra3/gpfs/p11/2020/data/11009046/processed/indexing/6gth.pdb;/asap3/petra3/gpfs/p11/2020/data/11009046/processed/indexing/eiger16M-P11_200mm_sh1.geom;200;16M
138;/asap3/petra3/gpfs/p11/2020/data/11009046/processed/indexing/6gth.pdb;/asap3/petra3/gpfs/p11/2020/data/11009046/processed/indexing/eiger16M-P11_200mm_sh1.geom;200;16M
139;/asap3/petra3/gpfs/p11/2020/data/11009046/processed/indexing/6gth.pdb;/asap3/petra3/gpfs/p11/2020/data/11009046/processed/indexing/eiger16M-P11_200mm_sh1.geom;200;16M
140;/asap3/petra3/gpfs/p11/2020/data/11009046/processed/indexing/6gth.pdb;/asap3/petra3/gpfs/p11/2020/data/11009046/processed/indexing/eiger16M-P11_200mm_sh1.geom;200;16M
141;/asap3/petra3/gpfs/p11/2020/data/11009046/processed/indexing/6gth.pdb;/asap3/petra3/gpfs/p11/2020/data/11009046/processed/indexing/eiger16M-P11_200mm_sh1.geom;200;16M
142;/asap3/petra3/gpfs/p11/2020/data/11009046/processed/indexing/6gth.pdb;/asap3/petra3/gpfs/p11/2020/data/11009046/processed/indexing/eiger16M-P11_200mm_sh1.geom;200;16M
143;/asap3/petra3/gpfs/p11/2020/data/11009046/processed/indexing/6gth.pdb;/asap3/petra3/gpfs/p11/2020/data/11009046/processed/indexing/eiger16M-P11_200mm_sh1.geom;200;16M
144;/asap3/petra3/gpfs/p11/2020/data/11009046/processed/indexing/6gth.pdb;/asap3/petra3/gpfs/p11/2020/data/11009046/processed/indexing/eiger16M-P11_200mm_sh1.geom;200;16M
145;/asap3/petra3/gpfs/p11/2020/data/11009046/processed/indexing/6gth.pdb;/asap3/petra3/gpfs/p11/2020/data/11009046/processed/indexing/eiger16M-P11_200mm_sh1.geom;200;16M
146;/asap3/petra3/gpfs/p11/2020/data/11009046/processed/indexing/6gth.pdb;/asap3/petra3/gpfs/p11/2020/data/11009046/processed/indexing/eiger16M-P11_200mm_sh1.geom;200;16M
147;/asap3/petra3/gpfs/p11/2020/data/11009046/processed/indexing/6gth.pdb;/asap3/petra3/gpfs/p11/2020/data/11009046/processed/indexing/eiger16M-P11_200mm_sh1.geom;200;16M
148;/asap3/petra3/gpfs/p11/2020/data/11009046/processed/indexing/6gth.pdb;/asap3/petra3/gpfs/p11/2020/data/11009046/processed/indexing/eiger16M-P11_200mm_sh1.geom;200;16M
149;/asap3/petra3/gpfs/p11/2020/data/11009046/processed/indexing/6gth.pdb;/asap3/petra3/gpfs/p11/2020/data/11009046/processed/indexing/eiger16M-P11_200mm_sh1.geom;200;16M
150;/asap3/petra3/gpfs/p11/2020/data/11009046/processed/indexing/6gth.pdb;/asap3/petra3/gpfs/p11/2020/data/11009046/processed/indexing/eiger16M-P11_200mm_sh1.geom;200;16M
151;/asap3/petra3/gpfs/p11/2020/data/11009046/processed/indexing/6gth.pdb;/asap3/petra3/gpfs/p11/2020/data/11009046/processed/indexing/eiger16M-P11_200mm_sh1.geom;200;16M
152;/asap3/petra3/gpfs/p11/2020/data/11009046/processed/indexing/6gth.pdb;/asap3/petra3/gpfs/p11/2020/data/11009046/processed/indexing/eiger16M-P11_200mm_sh1.geom;200;16M
153;/asap3/petra3/gpfs/p11/2020/data/11009046/processed/indexing/6gth.pdb;/asap3/petra3/gpfs/p11/2020/data/11009046/processed/indexing/eiger16M-P11_200mm_sh1.geom;200;16M
154;/asap3/petra3/gpfs/p11/2020/data/11009046/processed/indexing/6gth.pdb;/asap3/petra3/gpfs/p11/2020/data/11009046/processed/indexing/eiger16M-P11_200mm_sh1.geom;200;16M
155;/asap3/petra3/gpfs/p11/2020/data/11009046/processed/indexing/6gth.pdb;/asap3/petra3/gpfs/p11/2020/data/11009046/processed/indexing/eiger16M-P11_200mm_sh1.geom;200;16M
156;/asap3/petra3/gpfs/p11/2020/data/11009046/processed/indexing/6gth.pdb;/asap3/petra3/gpfs/p11/2020/data/11009046/processed/indexing/eiger16M-P11_200mm_sh1.geom;200;16M
157;/asap3/petra3/gpfs/p11/2020/data/11009046/processed/indexing/6gth.pdb;/asap3/petra3/gpfs/p11/2020/data/11009046/processed/indexing/eiger16M-P11_200mm_sh1.geom;200;16M
158;/asap3/petra3/gpfs/p11/2020/data/11009046/processed/indexing/6gth.pdb;/asap3/petra3/gpfs/p11/2020/data/11009046/processed/indexing/eiger16M-P11_200mm_sh1.geom;200;16M
159;/asap3/petra3/gpfs/p11/2020/data/11009046/processed/indexing/6gth.pdb;/asap3/petra3/gpfs/p11/2020/data/11009046/processed/indexing/eiger16M-P11_200mm_sh1.geom;200;16M
160;/asap3/petra3/gpfs/p11/2020/data/11009046/processed/indexing/6gth.pdb;/asap3/petra3/gpfs/p11/2020/data/11009046/processed/indexing/eiger16M-P11_200mm_sh1.geom;200;16M
161;/asap3/petra3/gpfs/p11/2020/data/11009046/processed/indexing/6gth.pdb;/asap3/petra3/gpfs/p11/2020/data/11009046/processed/indexing/eiger16M-P11_200mm_sh1.geom;200;16M
162;/asap3/petra3/gpfs/p11/2020/data/11009046/processed/indexing/lysozyme.cell;/asap3/petra3/gpfs/p11/2020/data/11009046/processed/indexing/eiger16M-P11_200mm_sh1.geom;200;16M
163;/asap3/petra3/gpfs/p11/2020/data/11009046/processed/indexing/lysozyme.cell;/asap3/petra3/gpfs/p11/2020/data/11009046/processed/indexing/eiger16M-P11_200mm_sh1.geom;200;16M
164;/asap3/petra3/gpfs/p11/2020/data/11009046/processed/indexing/lysozyme.cell;/asap3/petra3/gpfs/p11/2020/data/11009046/processed/indexing/eiger16M-P11_200mm_sh1.geom;200;16M
165;/asap3/petra3/gpfs/p11/2020/data/11009046/processed/indexing/lysozyme.cell;/asap3/petra3/gpfs/p11/2020/data/11009046/processed/indexing/eiger16M-P11_200mm_sh1.geom;200;16M
166;/asap3/petra3/gpfs/p11/2020/data/11009046/processed/indexing/lysozyme.cell;/asap3/petra3/gpfs/p11/2020/data/11009046/processed/indexing/eiger16M-P11_200mm_sh1.geom;200;16M
167;/asap3/petra3/gpfs/p11/2020/data/11009046/processed/indexing/lysozyme.cell;/asap3/petra3/gpfs/p11/2020/data/11009046/processed/indexing/eiger16M-P11_200mm_sh1.geom;200;16M
168;/asap3/petra3/gpfs/p11/2020/data/11009046/processed/indexing/lysozyme.cell;/asap3/petra3/gpfs/p11/2020/data/11009046/processed/indexing/eiger16M-P11_200mm_sh1.geom;200;16M
169;/asap3/petra3/gpfs/p11/2020/data/11009046/processed/indexing/lysozyme.cell;/asap3/petra3/gpfs/p11/2020/data/11009046/processed/indexing/eiger16M-P11_200mm_sh1.geom;200;16M
170;/asap3/petra3/gpfs/p11/2020/data/11009046/processed/indexing/lysozyme.cell;/asap3/petra3/gpfs/p11/2020/data/11009046/processed/indexing/eiger16M-P11_200mm_sh1.geom;200;16M
171;/asap3/petra3/gpfs/p11/2020/data/11009046/processed/indexing/lysozyme.cell;/asap3/petra3/gpfs/p11/2020/data/11009046/processed/indexing/eiger16M-P11_200mm_sh1.geom;200;16M
172;/asap3/petra3/gpfs/p11/2020/data/11009046/processed/indexing/lysozyme.cell;/asap3/petra3/gpfs/p11/2020/data/11009046/processed/indexing/eiger16M-P11_200mm_sh1.geom;200;16M
173;/asap3/petra3/gpfs/p11/2020/data/11009046/processed/indexing/lysozyme.cell;/asap3/petra3/gpfs/p11/2020/data/11009046/processed/indexing/eiger16M-P11_200mm_sh1.geom;200;16M
174;/asap3/petra3/gpfs/p11/2020/data/11009046/processed/indexing/lysozyme.cell;/asap3/petra3/gpfs/p11/2020/data/11009046/processed/indexing/eiger16M-P11_200mm_sh1.geom;200;16M
175;/asap3/petra3/gpfs/p11/2020/data/11009046/processed/indexing/lysozyme.cell;/asap3/petra3/gpfs/p11/2020/data/11009046/processed/indexing/eiger16M-P11_200mm_sh1.geom;200;16M
176;/asap3/petra3/gpfs/p11/2020/data/11009046/processed/indexing/lysozyme.cell;/asap3/petra3/gpfs/p11/2020/data/11009046/processed/indexing/eiger16M-P11_200mm_sh1.geom;200;16M
177;/asap3/petra3/gpfs/p11/2020/data/11009046/processed/indexing/lysozyme.cell;/asap3/petra3/gpfs/p11/2020/data/11009046/processed/indexing/eiger16M-P11_200mm_sh1.geom;200;16M
178;/asap3/petra3/gpfs/p11/2020/data/11009046/processed/indexing/lysozyme.cell;/asap3/petra3/gpfs/p11/2020/data/11009046/processed/indexing/eiger16M-P11_200mm_sh1.geom;200;16M
179;/asap3/petra3/gpfs/p11/2020/data/11009046/processed/indexing/lysozyme.cell;/asap3/petra3/gpfs/p11/2020/data/11009046/processed/indexing/eiger16M-P11_200mm_sh1.geom;200;16M
180;/asap3/petra3/gpfs/p11/2020/data/11009046/processed/indexing/lysozyme.cell;/asap3/petra3/gpfs/p11/2020/data/11009046/processed/indexing/eiger16M-P11_200mm_sh1.geom;200;16M
181;/asap3/petra3/gpfs/p11/2020/data/11009046/processed/indexing/lysozyme.cell;/asap3/petra3/gpfs/p11/2020/data/11009046/processed/indexing/eiger16M-P11_200mm_sh1.geom;200;16M
182;/asap3/petra3/gpfs/p11/2020/data/11009046/processed/indexing/lysozyme.cell;/asap3/petra3/gpfs/p11/2020/data/11009046/processed/indexing/eiger16M-P11_200mm_sh1.geom;200;16M
183;/asap3/petra3/gpfs/p11/2020/data/11009046/processed/indexing/lysozyme.cell;/asap3/petra3/gpfs/p11/2020/data/11009046/processed/indexing/eiger16M-P11_200mm_sh1.geom;200;16M
184;/asap3/petra3/gpfs/p11/2020/data/11009046/processed/indexing/lysozyme.cell;/asap3/petra3/gpfs/p11/2020/data/11009046/processed/indexing/eiger16M-P11_200mm_sh1.geom;200;16M
185;/asap3/petra3/gpfs/p11/2020/data/11009046/processed/indexing/lysozyme.cell;/asap3/petra3/gpfs/p11/2020/data/11009046/processed/indexing/eiger16M-P11_200mm_sh1.geom;200;16M
186;/asap3/petra3/gpfs/p11/2020/data/11009046/processed/indexing/lysozyme.cell;/asap3/petra3/gpfs/p11/2020/data/11009046/processed/indexing/eiger16M-P11_200mm_sh1.geom;200;16M
187;/asap3/petra3/gpfs/p11/2020/data/11009046/processed/indexing/lysozyme.cell;/asap3/petra3/gpfs/p11/2020/data/11009046/processed/indexing/eiger16M-P11_200mm_sh1.geom;200;16M
188;/asap3/petra3/gpfs/p11/2020/data/11009046/processed/indexing/lysozyme.cell;/asap3/petra3/gpfs/p11/2020/data/11009046/processed/indexing/eiger16M-P11_200mm_sh1.geom;200;16M
189;/asap3/petra3/gpfs/p11/2020/data/11009046/processed/indexing/lysozyme.cell;/asap3/petra3/gpfs/p11/2020/data/11009046/processed/indexing/eiger16M-P11_200mm_sh1.geom;200;16M
190;/asap3/petra3/gpfs/p11/2020/data/11009046/processed/indexing/lysozyme.cell;/asap3/petra3/gpfs/p11/2020/data/11009046/processed/indexing/eiger16M-P11_200mm_sh1.geom;200;16M
191;/asap3/petra3/gpfs/p11/2020/data/11009046/processed/indexing/lysozyme.cell;/asap3/petra3/gpfs/p11/2020/data/11009046/processed/indexing/eiger16M-P11_200mm_sh1.geom;200;16M
192;/asap3/petra3/gpfs/p11/2020/data/11009046/processed/indexing/lysozyme.cell;/asap3/petra3/gpfs/p11/2020/data/11009046/processed/indexing/eiger16M-P11_200mm_sh1.geom;200;16M
193;/asap3/petra3/gpfs/p11/2020/data/11009046/processed/indexing/lysozyme.cell;/asap3/petra3/gpfs/p11/2020/data/11009046/processed/indexing/eiger16M-P11_200mm_sh1.geom;200;16M
194;/asap3/petra3/gpfs/p11/2020/data/11009046/processed/indexing/lysozyme.cell;/asap3/petra3/gpfs/p11/2020/data/11009046/processed/indexing/eiger16M-P11_200mm_sh1.geom;200;16M
195;/asap3/petra3/gpfs/p11/2020/data/11009046/processed/indexing/lysozyme.cell;/asap3/petra3/gpfs/p11/2020/data/11009046/processed/indexing/eiger16M-P11_200mm_sh1.geom;200;16M
196;/asap3/petra3/gpfs/p11/2020/data/11009046/processed/indexing/lysozyme.cell;/asap3/petra3/gpfs/p11/2020/data/11009046/processed/indexing/eiger16M-P11_200mm_sh1.geom;200;16M
197;/asap3/petra3/gpfs/p11/2020/data/11009046/processed/indexing/lysozyme.cell;/asap3/petra3/gpfs/p11/2020/data/11009046/processed/indexing/eiger16M-P11_200mm_sh1.geom;200;16M
198;/asap3/petra3/gpfs/p11/2020/data/11009046/processed/indexing/lysozyme.cell;/asap3/petra3/gpfs/p11/2020/data/11009046/processed/indexing/eiger16M-P11_200mm_sh1.geom;200;16M
199;/asap3/petra3/gpfs/p11/2020/data/11009046/processed/indexing/lysozyme.cell;/asap3/petra3/gpfs/p11/2020/data/11009046/processed/indexing/eiger16M-P11_200mm_sh1.geom;200;16M
200;/asap3/petra3/gpfs/p11/2020/data/11009046/processed/indexing/lysozyme.cell;/asap3/petra3/gpfs/p11/2020/data/11009046/processed/indexing/eiger16M-P11_200mm_sh1.geom;200;16M
201;/asap3/petra3/gpfs/p11/2020/data/11009046/processed/indexing/lysozyme.cell;/asap3/petra3/gpfs/p11/2020/data/11009046/processed/indexing/eiger16M-P11_200mm_sh1.geom;200;16M
202;/asap3/petra3/gpfs/p11/2020/data/11009046/processed/indexing/lysozyme.cell;/asap3/petra3/gpfs/p11/2020/data/11009046/processed/indexing/eiger16M-P11_200mm_sh1.geom;200;16M
203;/asap3/petra3/gpfs/p11/2020/data/11009046/processed/indexing/lysozyme.cell;/asap3/petra3/gpfs/p11/2020/data/11009046/processed/indexing/eiger16M-P11_200mm_sh1.geom;200;16M
204;/asap3/petra3/gpfs/p11/2020/data/11009046/processed/indexing/6gth.pdb;/asap3/petra3/gpfs/p11/2020/data/11009046/processed/indexing/eiger16M-P11_200mm_sh1.geom;200;16M
205;/asap3/petra3/gpfs/p11/2020/data/11009046/processed/indexing/6gth.pdb;/asap3/petra3/gpfs/p11/2020/data/11009046/processed/indexing/eiger16M-P11_200mm_sh1.geom;200;16M
206;/asap3/petra3/gpfs/p11/2020/data/11009046/processed/indexing/6gth.pdb;/asap3/petra3/gpfs/p11/2020/data/11009046/processed/indexing/eiger16M-P11_200mm_sh1.geom;200;16M
207;/asap3/petra3/gpfs/p11/2020/data/11009046/processed/indexing/6gth.pdb;/asap3/petra3/gpfs/p11/2020/data/11009046/processed/indexing/eiger16M-P11_200mm_sh1.geom;200;16M
208;/asap3/petra3/gpfs/p11/2020/data/11009046/processed/indexing/6gth.pdb;/asap3/petra3/gpfs/p11/2020/data/11009046/processed/indexing/eiger16M-P11_200mm_sh1.geom;200;16M
209;/asap3/petra3/gpfs/p11/2020/data/11009046/processed/indexing/6gth.pdb;/asap3/petra3/gpfs/p11/2020/data/11009046/processed/indexing/eiger16M-P11_200mm_sh1.geom;200;16M
210;/asap3/petra3/gpfs/p11/2020/data/11009046/processed/indexing/6gth.pdb;/asap3/petra3/gpfs/p11/2020/data/11009046/processed/indexing/eiger16M-P11_200mm_sh1.geom;200;16M
211;/asap3/petra3/gpfs/p11/2020/data/11009046/processed/indexing/6gth.pdb;/asap3/petra3/gpfs/p11/2020/data/11009046/processed/indexing/eiger16M-P11_200mm_sh1.geom;200;16M
212;/asap3/petra3/gpfs/p11/2020/data/11009046/processed/indexing/6gth.pdb;/asap3/petra3/gpfs/p11/2020/data/11009046/processed/indexing/eiger16M-P11_200mm_sh1.geom;200;16M
213;/asap3/petra3/gpfs/p11/2020/data/11009046/processed/indexing/6gth.pdb;/asap3/petra3/gpfs/p11/2020/data/11009046/processed/indexing/eiger16M-P11_200mm_sh1.geom;200;16M
214;/asap3/petra3/gpfs/p11/2020/data/11009046/processed/indexing/6gth.pdb;/asap3/petra3/gpfs/p11/2020/data/11009046/processed/indexing/eiger16M-P11_200mm_sh1.geom;200;16M
215;/asap3/petra3/gpfs/p11/2020/data/11009046/processed/indexing/6gth.pdb;/asap3/petra3/gpfs/p11/2020/data/11009046/processed/indexing/eiger16M-P11_200mm_sh1.geom;200;16M
216;/asap3/petra3/gpfs/p11/2020/data/11009046/processed/indexing/6gth.pdb;/asap3/petra3/gpfs/p11/2020/data/11009046/processed/indexing/eiger16M-P11_200mm_sh1.geom;200;16M
217;/asap3/petra3/gpfs/p11/2020/data/11009046/processed/indexing/6gth.pdb;/asap3/petra3/gpfs/p11/2020/data/11009046/processed/indexing/eiger16M-P11_200mm_sh1.geom;200;16M
218;/asap3/petra3/gpfs/p11/2020/data/11009046/processed/indexing/6gth.pdb;/asap3/petra3/gpfs/p11/2020/data/11009046/processed/indexing/eiger16M-P11_200mm_sh1.geom;200;16M
219;/asap3/petra3/gpfs/p11/2020/data/11009046/processed/indexing/6gth.pdb;/asap3/petra3/gpfs/p11/2020/data/11009046/processed/indexing/eiger16M-P11_200mm_sh1.geom;200;16M
220;/asap3/petra3/gpfs/p11/2020/data/11009046/processed/indexing/6gth.pdb;/asap3/petra3/gpfs/p11/2020/data/11009046/processed/indexing/eiger16M-P11_200mm_sh1.geom;200;16M
221;/asap3/petra3/gpfs/p11/2020/data/11009046/processed/indexing/6gth.pdb;/asap3/petra3/gpfs/p11/2020/data/11009046/processed/indexing/eiger16M-P11_200mm_sh1.geom;200;16M
222;/asap3/petra3/gpfs/p11/2020/data/11009046/processed/indexing/6gth.pdb;/asap3/petra3/gpfs/p11/2020/data/11009046/processed/indexing/eiger16M-P11_200mm_sh1.geom;200;16M
223;/asap3/petra3/gpfs/p11/2020/data/11009046/processed/indexing/6gth.pdb;/asap3/petra3/gpfs/p11/2020/data/11009046/processed/indexing/eiger16M-P11_200mm_sh1.geom;200;16M
224;/asap3/petra3/gpfs/p11/2020/data/11009046/processed/indexing/6gth.pdb;/asap3/petra3/gpfs/p11/2020/data/11009046/processed/indexing/eiger16M-P11_200mm_sh1.geom;200;16M
225;/asap3/petra3/gpfs/p11/2020/data/11009046/processed/indexing/6gth.pdb;/asap3/petra3/gpfs/p11/2020/data/11009046/processed/indexing/eiger16M-P11_200mm_sh1.geom;200;16M
226;/asap3/petra3/gpfs/p11/2020/data/11009046/processed/indexing/6gth.pdb;/asap3/petra3/gpfs/p11/2020/data/11009046/processed/indexing/eiger16M-P11_200mm_sh1.geom;200;16M
227;/asap3/petra3/gpfs/p11/2020/data/11009046/processed/indexing/6gth.pdb;/asap3/petra3/gpfs/p11/2020/data/11009046/processed/indexing/eiger16M-P11_200mm_sh1.geom;200;16M
228;/asap3/petra3/gpfs/p11/2020/data/11009046/processed/indexing/6gth.pdb;/asap3/petra3/gpfs/p11/2020/data/11009046/processed/indexing/eiger16M-P11_200mm_sh1.geom;200;16M
229;/asap3/petra3/gpfs/p11/2020/data/11009046/processed/indexing/6gth.pdb;/asap3/petra3/gpfs/p11/2020/data/11009046/processed/indexing/eiger16M-P11_200mm_sh1.geom;200;16M
230;/asap3/petra3/gpfs/p11/2020/data/11009046/processed/indexing/6gth.pdb;/asap3/petra3/gpfs/p11/2020/data/11009046/processed/indexing/eiger16M-P11_200mm_sh1.geom;200;16M
231;/asap3/petra3/gpfs/p11/2020/data/11009046/processed/indexing/6gth.pdb;/asap3/petra3/gpfs/p11/2020/data/11009046/processed/indexing/eiger16M-P11_200mm_sh1.geom;200;16M
232;/asap3/petra3/gpfs/p11/2020/data/11009046/processed/indexing/6gth.pdb;/asap3/petra3/gpfs/p11/2020/data/11009046/processed/indexing/eiger16M-P11_200mm_sh1.geom;200;16M
233;/asap3/petra3/gpfs/p11/2020/data/11009046/processed/indexing/6gth.pdb;/asap3/petra3/gpfs/p11/2020/data/11009046/processed/indexing/eiger16M-P11_200mm_sh1.geom;200;16M
234;/asap3/petra3/gpfs/p11/2020/data/11009046/processed/indexing/6gth.pdb;/asap3/petra3/gpfs/p11/2020/data/11009046/processed/indexing/eiger16M-P11_200mm_sh1.geom;200;16M
235;/asap3/petra3/gpfs/p11/2020/data/11009046/processed/indexing/6gth.pdb;/asap3/petra3/gpfs/p11/2020/data/11009046/processed/indexing/eiger16M-P11_200mm_sh1.geom;200;16M
236;/asap3/petra3/gpfs/p11/2020/data/11009046/processed/indexing/6gth.pdb;/asap3/petra3/gpfs/p11/2020/data/11009046/processed/indexing/eiger16M-P11_200mm_sh1.geom;200;16M
237;/asap3/petra3/gpfs/p11/2020/data/11009046/processed/indexing/6gth.pdb;/asap3/petra3/gpfs/p11/2020/data/11009046/processed/indexing/eiger16M-P11_200mm_sh1.geom;200;16M
238;/asap3/petra3/gpfs/p11/2020/data/11009046/processed/indexing/6gth.pdb;/asap3/petra3/gpfs/p11/2020/data/11009046/processed/indexing/eiger16M-P11_200mm_sh1.geom;200;16M
239;/asap3/petra3/gpfs/p11/2020/data/11009046/processed/indexing/6gth.pdb;/asap3/petra3/gpfs/p11/2020/data/11009046/processed/indexing/eiger16M-P11_200mm_sh1.geom;200;16M
240;/asap3/petra3/gpfs/p11/2020/data/11009046/processed/indexing/6gth.pdb;/asap3/petra3/gpfs/p11/2020/data/11009046/processed/indexing/eiger16M-P11_200mm_sh1.geom;200;16M
241;/asap3/petra3/gpfs/p11/2020/data/11009046/processed/indexing/6gth.pdb;/asap3/petra3/gpfs/p11/2020/data/11009046/processed/indexing/eiger16M-P11_200mm_sh1.geom;200;16M
242;/asap3/petra3/gpfs/p11/2020/data/11009046/processed/indexing/6gth.pdb;/asap3/petra3/gpfs/p11/2020/data/11009046/processed/indexing/eiger16M-P11_200mm_sh1.geom;200;16M
243;/asap3/petra3/gpfs/p11/2020/data/11009046/processed/indexing/6gth.pdb;/asap3/petra3/gpfs/p11/2020/data/11009046/processed/indexing/eiger16M-P11_200mm_sh1.geom;200;16M
257;/asap3/petra3/gpfs/p11/2020/data/11009046/processed/indexing/lysozyme.cell;/asap3/petra3/gpfs/p11/2020/data/11009046/processed/indexing/eiger16M-P11_200mm_sh1.geom;200;16M
258;/asap3/petra3/gpfs/p11/2020/data/11009046/processed/indexing/lysozyme.cell;/asap3/petra3/gpfs/p11/2020/data/11009046/processed/indexing/eiger16M-P11_200mm_sh1.geom;200;16M
259;/asap3/petra3/gpfs/p11/2020/data/11009046/processed/indexing/lysozyme.cell;/asap3/petra3/gpfs/p11/2020/data/11009046/processed/indexing/eiger16M-P11_200mm_sh1.geom;200;16M
260;/asap3/petra3/gpfs/p11/2020/data/11009046/processed/indexing/lysozyme.cell;/asap3/petra3/gpfs/p11/2020/data/11009046/processed/indexing/eiger16M-P11_200mm_sh1.geom;200;16M
260;/asap3/petra3/gpfs/p11/2020/data/11009046/processed/indexing/lysozyme.cell;/asap3/petra3/gpfs/p11/2020/data/11009046/processed/indexing/eiger16M-P11_200mm_sh1.geom;200;16M
261;/asap3/petra3/gpfs/p11/2020/data/11009046/processed/indexing/lysozyme.cell;/asap3/petra3/gpfs/p11/2020/data/11009046/processed/indexing/eiger16M-P11_200mm_sh1.geom;200;16M
262;/asap3/petra3/gpfs/p11/2020/data/11009046/processed/indexing/lysozyme.cell;;200;4M
263;/asap3/petra3/gpfs/p11/2020/data/11009046/processed/indexing/lysozyme.cell;;200;4M
264;/asap3/petra3/gpfs/p11/2020/data/11009046/processed/indexing/lysozyme.cell;;200;4M
265;/asap3/petra3/gpfs/p11/2020/data/11009046/processed/indexing/lysozyme.cell;;200;4M
266;/asap3/petra3/gpfs/p11/2020/data/11009046/processed/indexing/lysozyme.cell;;200;4M
267;/asap3/petra3/gpfs/p11/2020/data/11009046/processed/indexing/lysozyme.cell;;200;4M
2509_1;/asap3/petra3/gpfs/p11/2020/data/11009046/processed/indexing/lysozyme.cell;/asap3/petra3/gpfs/p11/2020/data/11009046/processed/indexing/eiger16M-P11_200mm_sh1.geom;200;16M
2509_3;/asap3/petra3/gpfs/p11/2020/data/11009046/processed/indexing/lysozyme.cell;;200;4M
2509_4;/asap3/petra3/gpfs/p11/2020/data/11009046/processed/indexing/lysozyme.cell;;200;4M
2509_5;/asap3/petra3/gpfs/p11/2020/data/11009046/processed/indexing/lysozyme.cell;;200;4M
2509_6;/asap3/petra3/gpfs/p11/2020/data/11009046/processed/indexing/lysozyme.cell;;200;4M
2509_7;/asap3/petra3/gpfs/p11/2020/data/11009046/processed/indexing/lysozyme.cell;;200;4M
2509_8;/asap3/petra3/gpfs/p11/2020/data/11009046/processed/indexing/lysozyme.cell;;200;4M
2509_9;/asap3/petra3/gpfs/p11/2020/data/11009046/processed/indexing/lysozyme.cell;;200;4M
2509_10;/asap3/petra3/gpfs/p11/2020/data/11009046/processed/indexing/lysozyme.cell;;200;4M
2509_11;/asap3/petra3/gpfs/p11/2020/data/11009046/processed/indexing/lysozyme.cell;;200;4M
2509_12;/asap3/petra3/gpfs/p11/2020/data/11009046/processed/indexing/lysozyme.cell;;200;4M
2509_13;/asap3/petra3/gpfs/p11/2020/data/11009046/processed/indexing/lysozyme.cell;;200;4M
2509_14;/asap3/petra3/gpfs/p11/2020/data/11009046/processed/indexing/lysozyme.cell;;200;4M
2509_15;/asap3/petra3/gpfs/p11/2020/data/11009046/processed/indexing/lysozyme.cell;;200;4M
2509_16;/asap3/petra3/gpfs/p11/2020/data/11009046/processed/indexing/lysozyme.cell;;200;4M
2509_17;/asap3/petra3/gpfs/p11/2020/data/11009046/processed/indexing/lysozyme.cell;;200;4M
2509_18;/asap3/petra3/gpfs/p11/2020/data/11009046/processed/indexing/lysozyme.cell;;200;4M
2509_19;/asap3/petra3/gpfs/p11/2020/data/11009046/processed/indexing/lysozyme.cell;;200;4M
2509_20;/asap3/petra3/gpfs/p11/2020/data/11009046/processed/indexing/lysozyme.cell;;200;4M
2509_21;/asap3/petra3/gpfs/p11/2020/data/11009046/processed/indexing/lysozyme.cell;;200;4M
2509_22;/asap3/petra3/gpfs/p11/2020/data/11009046/processed/indexing/lysozyme.cell;;200;4M
2509_23;/asap3/petra3/gpfs/p11/2020/data/11009046/processed/indexing/lysozyme.cell;;200;4M
2509_24;;;;16M
2509_26;/asap3/petra3/gpfs/p11/2020/data/11009046/processed/indexing/1iph.pdb;/asap3/petra3/gpfs/p11/2020/data/11009046/processed/indexing/eiger16M-P11_200mm_sh1.geom;200;16M
2509_27;/asap3/petra3/gpfs/p11/2020/data/11009046/processed/indexing/1iph.pdb;/asap3/petra3/gpfs/p11/2020/data/11009046/processed/indexing/eiger16M-P11_200mm_sh1.geom;200;16M
2509_30;/asap3/petra3/gpfs/p11/2020/data/11009046/processed/indexing/1iph.pdb;/asap3/petra3/gpfs/p11/2020/data/11009046/processed/indexing/eiger16M-P11_200mm_sh1.geom;200;16M
2509_31;ASK;;200;16M
2509_32;ASK;;200;16M
2509_33;ASK;;200;16M
2509_34;ASK;;200;16M
2509_35;ASK;;200;16M
2509_36;ASK;;200;16M
2509_37;ASK;;200;16M
2509_38;ASK;;200;16M
2509_39;ASK;;200;16M
2509_40;ASK;;200;16M
2509_41;ASK;;200;16M
2509_42;ASK;;200;16M
2509_43;ASK;;200;16M
2509_44;ASK;;200;16M
2509_45;ASK;;200;16M
2509_46;ASK;;200;16M
2509_47;ASK;;200;16M
2509_48;ASK;;200;16M
2509_49;/asap3/petra3/gpfs/p11/2020/data/11009046/processed/indexing/lysozyme.cell;/asap3/petra3/gpfs/p11/2020/data/11009046/processed/indexing/eiger16M-P11_200mm_sh1.geom;200;16M
2509_50;/asap3/petra3/gpfs/p11/2020/data/11009046/processed/indexing/lysozyme.cell;/asap3/petra3/gpfs/p11/2020/data/11009046/processed/indexing/eiger16M-P11_200mm_sh1.geom;200;16M
2509_51;/asap3/petra3/gpfs/p11/2020/data/11009046/processed/indexing/lysozyme.cell;/asap3/petra3/gpfs/p11/2020/data/11009046/processed/indexing/eiger16M-P11_200mm_sh1.geom;200;16M
2509_52;/asap3/petra3/gpfs/p11/2020/data/11009046/processed/indexing/lysozyme.cell;/asap3/petra3/gpfs/p11/2020/data/11009046/processed/indexing/eiger16M-P11_200mm_sh1.geom;200;16M
2509_53;/asap3/petra3/gpfs/p11/2020/data/11009046/processed/indexing/lysozyme.cell;/asap3/petra3/gpfs/p11/2020/data/11009046/processed/indexing/eiger16M-P11_200mm_sh1.geom;200;16M
2509_54;/asap3/petra3/gpfs/p11/2020/data/11009046/processed/indexing/lysozyme.cell;/asap3/petra3/gpfs/p11/2020/data/11009046/processed/indexing/eiger16M-P11_200mm_sh1.geom;200;16M
2509_55;/asap3/petra3/gpfs/p11/2020/data/11009046/processed/indexing/lysozyme.cell;/asap3/petra3/gpfs/p11/2020/data/11009046/processed/indexing/eiger16M-P11_200mm_sh1.geom;200;16M
2509_56;/asap3/petra3/gpfs/p11/2020/data/11009046/processed/indexing/lysozyme.cell;/asap3/petra3/gpfs/p11/2020/data/11009046/processed/indexing/eiger16M-P11_200mm_sh1.geom;200;16M
2509_57;/asap3/petra3/gpfs/p11/2020/data/11009046/processed/indexing/lysozyme.cell;/asap3/petra3/gpfs/p11/2020/data/11009046/processed/indexing/eiger16M-P11_200mm_sh1.geom;200;16M
2509_58;/asap3/petra3/gpfs/p11/2020/data/11009046/processed/indexing/lysozyme.cell;/asap3/petra3/gpfs/p11/2020/data/11009046/processed/indexing/eiger16M-P11_200mm_sh1.geom;200;16M
2509_59;/asap3/petra3/gpfs/p11/2020/data/11009046/processed/indexing/lysozyme.cell;/asap3/petra3/gpfs/p11/2020/data/11009046/processed/indexing/eiger16M-P11_200mm_sh1.geom;200;16M
2509_60;/asap3/petra3/gpfs/p11/2020/data/11009046/processed/indexing/lysozyme.cell;/asap3/petra3/gpfs/p11/2020/data/11009046/processed/indexing/eiger16M-P11_200mm_sh1.geom;200;16M
2509_61;/asap3/petra3/gpfs/p11/2020/data/11009046/processed/indexing/lysozyme.cell;/asap3/petra3/gpfs/p11/2020/data/11009046/processed/indexing/eiger16M-P11_200mm_sh1.geom;200;16M
2509_62;/asap3/petra3/gpfs/p11/2020/data/11009046/processed/indexing/lysozyme.cell;/asap3/petra3/gpfs/p11/2020/data/11009046/processed/indexing/eiger16M-P11_200mm_sh1.geom;200;16M
2509_63;/asap3/petra3/gpfs/p11/2020/data/11009046/processed/indexing/lysozyme.cell;/asap3/petra3/gpfs/p11/2020/data/11009046/processed/indexing/eiger16M-P11_200mm_sh1.geom;200;16M
2509_64;/asap3/petra3/gpfs/p11/2020/data/11009046/processed/indexing/lysozyme.cell;/asap3/petra3/gpfs/p11/2020/data/11009046/processed/indexing/eiger16M-P11_200mm_sh1.geom;200;16M
2509_65;/asap3/petra3/gpfs/p11/2020/data/11009046/processed/indexing/lysozyme.cell;/asap3/petra3/gpfs/p11/2020/data/11009046/processed/indexing/eiger16M-P11_200mm_sh1.geom;200;16M
2509_66;/asap3/petra3/gpfs/p11/2020/data/11009046/processed/indexing/lysozyme.cell;/asap3/petra3/gpfs/p11/2020/data/11009046/processed/indexing/eiger16M-P11_200mm_sh1.geom;200;16M
2509_67;/asap3/petra3/gpfs/p11/2020/data/11009046/processed/indexing/lysozyme.cell;/asap3/petra3/gpfs/p11/2020/data/11009046/processed/indexing/eiger16M-P11_200mm_sh1.geom;200;16M
2509_68;/asap3/petra3/gpfs/p11/2020/data/11009046/processed/indexing/lysozyme.cell;/asap3/petra3/gpfs/p11/2020/data/11009046/processed/indexing/eiger16M-P11_200mm_sh1.geom;200;16M
2509_69;/asap3/petra3/gpfs/p11/2020/data/11009046/processed/indexing/lysozyme.cell;/asap3/petra3/gpfs/p11/2020/data/11009046/processed/indexing/eiger16M-P11_200mm_sh1.geom;200;16M
2509_70;/asap3/petra3/gpfs/p11/2020/data/11009046/processed/indexing/lysozyme.cell;/asap3/petra3/gpfs/p11/2020/data/11009046/processed/indexing/eiger16M-P11_200mm_sh1.geom;200;16M
2509_71;/asap3/petra3/gpfs/p11/2020/data/11009046/processed/indexing/lysozyme.cell;/asap3/petra3/gpfs/p11/2020/data/11009046/processed/indexing/eiger16M-P11_200mm_sh1.geom;200;16M
